title,price,image
Haki Erkek Sneaker Ayakkabı 572MA2501     ,"$34,50",https://cdn.faststep.com.tr?img=catalog/urunresim/572/572M2101017_2.jpg&w=375&h=563
Siyah Füme Erkek Sneaker Ayakkabı 572MA2501     ,"$34,50",https://cdn.faststep.com.tr?img=catalog/urunresim/572/572M2101030_2.jpg&w=375&h=563
Füme Turuncu Erkek Sneaker Ayakkabı 572MA2501     ,"$34,50",https://cdn.faststep.com.tr?img=catalog/urunresim/572/572M2101043_2.jpg&w=375&h=563
Lacivert Erkek Sneaker Ayakkabı 877MA059     ,"$11,00",https://cdn.faststep.com.tr?img=catalog/urunresim/877/87712100004_2.jpg&w=375&h=563
Füme Erkek Sneaker Ayakkabı 877MA059     ,"$11,00",https://cdn.faststep.com.tr?img=catalog/urunresim/877/87712100017_1.jpg&w=375&h=563
Siyah Erkek Sneaker Ayakkabı 877MA059     ,"$11,00",https://cdn.faststep.com.tr?img=catalog/urunresim/877/87712100030_2.jpg&w=375&h=563
Siyah Erkek Sneaker Ayakkabı 877MA022     ,"$10,99",https://cdn.faststep.com.tr?img=catalog/urunresim/877/877M2100016_2.jpg&w=375&h=563
Buz Lacivert Erkek Sneaker Ayakkabı 877MA022     ,"$10,99",https://cdn.faststep.com.tr?img=catalog/urunresim/877/877M2100042_2.jpg&w=375&h=563
Fume Lacivert Erkek Sneaker Ayakkabı 877MA022     ,"$10,99",https://cdn.faststep.com.tr?img=catalog/urunresim/877/877M2100029_2.jpg&w=375&h=563
Bej Unisex Sneaker Ayakkabı 925XA44     ,"$14,00",https://cdn.faststep.com.tr?img=catalog/urunresim/925/925X2100118_1.jpg&w=375&h=563
Siyah Unisex Sneaker Ayakkabı 925XA44     ,"$14,00",https://cdn.faststep.com.tr?img=catalog/urunresim/925/925X2100139_1.jpg&w=375&h=563
Buz Unisex Sneaker Ayakkabı 925XA44     ,"$14,00",https://cdn.faststep.com.tr?img=catalog/urunresim/925/925X2100181_1.jpg&w=375&h=563
Füme Unisex Sneaker Ayakkabı 925XA44     ,"$14,00",https://cdn.faststep.com.tr?img=catalog/urunresim/925/925X2100160_1.jpg&w=375&h=563
Lila Unisex Sneaker Ayakkabı 925XA44     ,"$14,00",https://cdn.faststep.com.tr?img=catalog/urunresim/925/925X2100303_2.jpg&w=375&h=563
Beyaz Yeşil Erkek Sneaker Ayakkabı 923MA41FST     ,"$15,99",https://cdn.faststep.com.tr?img=catalog/urunresim/923/923M1677703_1.jpg&w=375&h=563
Siyah Erkek Sneaker Ayakkabı 923MA41FST     ,"$15,99",https://cdn.faststep.com.tr?img=catalog/urunresim/923/923M1678035_1.jpg&w=375&h=563
Beyaz Erkek Sneaker Ayakkabı 923MA41FST     ,"$15,99",https://cdn.faststep.com.tr?img=catalog/urunresim/923/923M2100157_1.jpg&w=375&h=563
Beyaz Erkek Sneaker Ayakkabı 865MA5010     ,"$18,90",https://cdn.faststep.com.tr?img=catalog/urunresim/865/865M1680125_1.jpg&w=375&h=563
Siyah File Erkek Sneaker Ayakkabı 865MA5010     ,"$18,90",https://cdn.faststep.com.tr?img=catalog/urunresim/865/865M1680151_1.jpg&w=375&h=563
Siyah Erkek Outdoor Ayakkabı 589SMAX-5     ,"$25,00",https://cdn.faststep.com.tr?img=catalog/urunresim/589/589M2100084_2.jpg&w=375&h=563
Vizon Erkek Outdoor Ayakkabı 589SMAX-5     ,"$25,00",https://cdn.faststep.com.tr?img=catalog/urunresim/589/589M2100097_2.jpg&w=375&h=563
Siyah Erkek Outdoor Ayakkabı 589SMBAX-5     ,"$26,00",https://cdn.faststep.com.tr?img=catalog/urunresim/589/589M2100108_2.jpg&w=375&h=563
Siyah Füme Erkek Sneaker Ayakkabı 572MA2499     ,"$32,99",https://cdn.faststep.com.tr?img=catalog/urunresim/572/572M2101056_1.jpg&w=375&h=563
Füme Turuncu Erkek Sneaker Ayakkabı 572MA2499     ,"$32,99",https://cdn.faststep.com.tr?img=catalog/urunresim/572/572M2101069_2.jpg&w=375&h=563
Siyah Turuncu Erkek Sneaker Ayakkabı 572MA2499     ,"$32,99",https://cdn.faststep.com.tr?img=catalog/urunresim/572/572M2101082_1.jpg&w=375&h=563
Siyah Kırmızı Erkek Sneaker Ayakkabı 572MA2485     ,"$33,60",https://cdn.faststep.com.tr?img=catalog/urunresim/572/572M2100925_1.jpg&w=375&h=563
Füme Turuncu Erkek Sneaker Ayakkabı 572MA2485     ,"$33,60",https://cdn.faststep.com.tr?img=catalog/urunresim/572/572M2100938_1.jpg&w=375&h=563
Siyah Füme Erkek Sneaker Ayakkabı 865MA7000     ,"$39,75",https://cdn.faststep.com.tr?img=catalog/urunresim/865/86512100046_1.jpg&w=375&h=563
Füme Siyah Erkek Sneaker Ayakkabı 865MA7000     ,"$39,75",https://cdn.faststep.com.tr?img=catalog/urunresim/865/86512100059_1.jpg&w=375&h=563
